service,src_bytes,count,srv_count,srv_diff_host_rate,dst_host_count,dst_host_srv_count,dst_host_srv_diff_host_rate,dst_host_srv_rerror_rate
eco_i,16,1,1,1.0,1,1,1.0,0
eco_i,16,1,1,1.0,1,1,1.0,0
eco_i,32,2,2,0.5,2,2,0.5,0
eco_i,32,2,2,0.5,2,2,0.5,0
eco_i,16,3,3,0.3333333333333333,1,1,1.0,0
eco_i,16,3,3,0.3333333333333333,1,1,1.0,0
eco_i,32,4,4,0.25,2,2,0.5,0
eco_i,32,4,4,0.25,2,2,0.5,0
eco_i,48,5,5,0.2,3,3,0.3333333333333333,0
eco_i,48,5,5,0.2,3,3,0.3333333333333333,0
eco_i,16,6,6,0.16666666666666666,1,1,1.0,0
eco_i,16,6,6,0.16666666666666666,1,1,1.0,0
eco_i,32,7,7,0.14285714285714285,2,2,0.5,0
eco_i,32,7,7,0.14285714285714285,2,2,0.5,0
eco_i,48,8,8,0.125,3,3,0.3333333333333333,0
eco_i,48,8,8,0.125,3,3,0.3333333333333333,0
eco_i,64,9,9,0.1111111111111111,4,4,0.25,0
eco_i,64,9,9,0.1111111111111111,4,4,0.25,0
eco_i,80,10,10,0.1,5,5,0.2,0
eco_i,80,10,10,0.1,5,5,0.2,0
eco_i,64,11,11,0.09090909090909091,4,4,0.25,0
eco_i,64,11,11,0.09090909090909091,4,4,0.25,0
eco_i,80,12,12,0.08333333333333333,5,5,0.2,0
eco_i,80,12,12,0.08333333333333333,5,5,0.2,0
eco_i,96,13,13,0.07692307692307693,6,6,0.16666666666666666,0
eco_i,96,13,13,0.07692307692307693,6,6,0.16666666666666666,0
eco_i,96,14,14,0.07142857142857142,6,6,0.16666666666666666,0
eco_i,96,14,14,0.07142857142857142,6,6,0.16666666666666666,0
eco_i,112,15,15,0.06666666666666667,7,7,0.14285714285714285,0
eco_i,112,15,15,0.06666666666666667,7,7,0.14285714285714285,0
eco_i,128,16,16,0.0625,8,8,0.125,0
eco_i,128,16,16,0.0625,8,8,0.125,0
eco_i,144,17,17,0.058823529411764705,9,9,0.1111111111111111,0
eco_i,144,17,17,0.058823529411764705,9,9,0.1111111111111111,0
eco_i,160,18,18,0.05555555555555555,10,10,0.1,0
eco_i,160,18,18,0.05555555555555555,10,10,0.1,0
eco_i,176,19,19,0.05263157894736842,11,11,0.09090909090909091,0
eco_i,176,19,19,0.05263157894736842,11,11,0.09090909090909091,0
eco_i,192,20,20,0.05,12,12,0.08333333333333333,0
eco_i,192,20,20,0.05,12,12,0.08333333333333333,0
eco_i,208,21,21,0.047619047619047616,13,13,0.07692307692307693,0
eco_i,208,21,21,0.047619047619047616,13,13,0.07692307692307693,0
eco_i,224,22,22,0.045454545454545456,14,14,0.07142857142857142,0
eco_i,224,22,22,0.045454545454545456,14,14,0.07142857142857142,0
eco_i,240,23,23,0.043478260869565216,15,15,0.06666666666666667,0
eco_i,240,23,23,0.043478260869565216,15,15,0.06666666666666667,0
eco_i,48,24,24,0.041666666666666664,3,3,0.3333333333333333,0
eco_i,48,24,24,0.041666666666666664,3,3,0.3333333333333333,0
eco_i,64,25,25,0.04,4,4,0.25,0
eco_i,64,25,25,0.04,4,4,0.25,0
eco_i,80,26,26,0.038461538461538464,5,5,0.2,0
eco_i,80,26,26,0.038461538461538464,5,5,0.2,0
eco_i,16,27,27,0.037037037037037035,1,1,1.0,0
eco_i,16,27,27,0.037037037037037035,1,1,1.0,0
eco_i,32,28,28,0.03571428571428571,2,2,0.5,0
eco_i,32,28,28,0.03571428571428571,2,2,0.5,0
eco_i,48,29,29,0.034482758620689655,3,3,0.3333333333333333,0
eco_i,48,29,29,0.034482758620689655,3,3,0.3333333333333333,0
eco_i,64,30,30,0.03333333333333333,4,4,0.25,0
eco_i,64,30,30,0.03333333333333333,4,4,0.25,0
eco_i,80,31,31,0.03225806451612903,5,5,0.2,0
eco_i,80,31,31,0.03225806451612903,5,5,0.2,0
eco_i,96,32,32,0.03125,6,6,0.16666666666666666,0
eco_i,96,32,32,0.03125,6,6,0.16666666666666666,0
eco_i,112,33,33,0.030303030303030304,7,7,0.14285714285714285,0
eco_i,112,33,33,0.030303030303030304,7,7,0.14285714285714285,0
eco_i,128,34,34,0.029411764705882353,8,8,0.125,0
eco_i,128,34,34,0.029411764705882353,8,8,0.125,0
eco_i,144,35,35,0.02857142857142857,9,9,0.1111111111111111,0
eco_i,144,35,35,0.02857142857142857,9,9,0.1111111111111111,0
eco_i,160,36,36,0.027777777777777776,10,10,0.1,0
eco_i,160,36,36,0.027777777777777776,10,10,0.1,0
eco_i,112,37,37,0.02702702702702703,7,7,0.14285714285714285,0
eco_i,112,37,37,0.02702702702702703,7,7,0.14285714285714285,0
eco_i,128,38,38,0.02631578947368421,8,8,0.125,0
eco_i,128,38,38,0.02631578947368421,8,8,0.125,0
eco_i,144,39,39,0.02564102564102564,9,9,0.1111111111111111,0
eco_i,144,39,39,0.02564102564102564,9,9,0.1111111111111111,0
eco_i,160,40,40,0.025,10,10,0.1,0
eco_i,160,40,40,0.025,10,10,0.1,0
eco_i,176,41,41,0.024390243902439025,11,11,0.09090909090909091,0
eco_i,176,41,41,0.024390243902439025,11,11,0.09090909090909091,0
eco_i,192,42,42,0.023809523809523808,12,12,0.08333333333333333,0
eco_i,192,42,42,0.023809523809523808,12,12,0.08333333333333333,0
eco_i,208,43,43,0.023255813953488372,13,13,0.07692307692307693,0
eco_i,208,43,43,0.023255813953488372,13,13,0.07692307692307693,0
eco_i,176,44,44,0.022727272727272728,11,11,0.09090909090909091,0
eco_i,176,44,44,0.022727272727272728,11,11,0.09090909090909091,0
eco_i,192,45,45,0.022222222222222223,12,12,0.08333333333333333,0
eco_i,192,45,45,0.022222222222222223,12,12,0.08333333333333333,0
eco_i,208,46,46,0.021739130434782608,13,13,0.07692307692307693,0
eco_i,208,46,46,0.021739130434782608,13,13,0.07692307692307693,0
eco_i,224,47,47,0.02127659574468085,14,14,0.07142857142857142,0
eco_i,224,47,47,0.02127659574468085,14,14,0.07142857142857142,0
eco_i,240,48,48,0.020833333333333332,15,15,0.06666666666666667,0
eco_i,240,48,48,0.020833333333333332,15,15,0.06666666666666667,0
eco_i,256,49,49,0.02040816326530612,16,16,0.0625,0
eco_i,256,49,49,0.02040816326530612,16,16,0.0625,0
eco_i,272,50,50,0.02,17,17,0.058823529411764705,0
eco_i,272,50,50,0.02,17,17,0.058823529411764705,0
eco_i,288,51,51,0.0196078431372549,18,18,0.05555555555555555,0
eco_i,288,51,51,0.0196078431372549,18,18,0.05555555555555555,0
eco_i,304,52,52,0.019230769230769232,19,19,0.05263157894736842,0
eco_i,304,52,52,0.019230769230769232,19,19,0.05263157894736842,0
eco_i,320,53,53,0.018867924528301886,20,20,0.05,0
eco_i,320,53,53,0.018867924528301886,20,20,0.05,0
eco_i,336,54,54,0.018518518518518517,21,21,0.047619047619047616,0
eco_i,336,54,54,0.018518518518518517,21,21,0.047619047619047616,0
eco_i,352,55,55,0.01818181818181818,22,22,0.045454545454545456,0
eco_i,352,55,55,0.01818181818181818,22,22,0.045454545454545456,0
eco_i,368,56,56,0.017857142857142856,23,23,0.043478260869565216,0
eco_i,368,56,56,0.017857142857142856,23,23,0.043478260869565216,0
eco_i,384,57,57,0.017543859649122806,24,24,0.041666666666666664,0
eco_i,384,57,57,0.017543859649122806,24,24,0.041666666666666664,0
eco_i,400,58,58,0.017241379310344827,25,25,0.04,0
eco_i,400,58,58,0.017241379310344827,25,25,0.04,0
eco_i,416,59,59,0.01694915254237288,26,26,0.038461538461538464,0
eco_i,416,59,59,0.01694915254237288,26,26,0.038461538461538464,0
eco_i,432,60,60,0.016666666666666666,27,27,0.037037037037037035,0
eco_i,432,60,60,0.016666666666666666,27,27,0.037037037037037035,0
eco_i,448,61,61,0.01639344262295082,28,28,0.03571428571428571,0
eco_i,448,61,61,0.01639344262295082,28,28,0.03571428571428571,0
eco_i,464,62,62,0.016129032258064516,29,29,0.034482758620689655,0
eco_i,464,62,62,0.016129032258064516,29,29,0.034482758620689655,0
eco_i,480,63,63,0.015873015873015872,30,30,0.03333333333333333,0
eco_i,480,63,63,0.015873015873015872,30,30,0.03333333333333333,0
eco_i,496,64,64,0.015625,31,31,0.03225806451612903,0
eco_i,496,64,64,0.015625,31,31,0.03225806451612903,0
eco_i,512,65,65,0.015384615384615385,32,32,0.03125,0
eco_i,512,65,65,0.015384615384615385,32,32,0.03125,0
eco_i,528,66,66,0.015151515151515152,33,33,0.030303030303030304,0
eco_i,528,66,66,0.015151515151515152,33,33,0.030303030303030304,0
eco_i,544,67,67,0.014925373134328358,34,34,0.029411764705882353,0
eco_i,544,67,67,0.014925373134328358,34,34,0.029411764705882353,0
eco_i,560,68,68,0.014705882352941176,35,35,0.02857142857142857,0
eco_i,560,68,68,0.014705882352941176,35,35,0.02857142857142857,0
eco_i,576,69,69,0.014492753623188406,36,36,0.027777777777777776,0
eco_i,576,69,69,0.014492753623188406,36,36,0.027777777777777776,0
eco_i,592,70,70,0.014285714285714285,37,37,0.02702702702702703,0
eco_i,592,70,70,0.014285714285714285,37,37,0.02702702702702703,0
eco_i,608,71,71,0.014084507042253521,38,38,0.02631578947368421,0
eco_i,608,71,71,0.014084507042253521,38,38,0.02631578947368421,0
eco_i,624,72,72,0.013888888888888888,39,39,0.02564102564102564,0
eco_i,624,72,72,0.013888888888888888,39,39,0.02564102564102564,0
eco_i,640,73,73,0.0136986301369863,40,40,0.025,0
eco_i,640,73,73,0.0136986301369863,40,40,0.025,0
eco_i,656,74,74,0.013513513513513514,41,41,0.024390243902439025,0
eco_i,656,74,74,0.013513513513513514,41,41,0.024390243902439025,0
eco_i,672,75,75,0.013333333333333334,42,42,0.023809523809523808,0
eco_i,672,75,75,0.013333333333333334,42,42,0.023809523809523808,0
eco_i,688,76,76,0.013157894736842105,43,43,0.023255813953488372,0
eco_i,688,76,76,0.013157894736842105,43,43,0.023255813953488372,0
eco_i,704,77,77,0.012987012987012988,44,44,0.022727272727272728,0
eco_i,704,77,77,0.012987012987012988,44,44,0.022727272727272728,0
eco_i,720,78,78,0.01282051282051282,45,45,0.022222222222222223,0
eco_i,720,78,78,0.01282051282051282,45,45,0.022222222222222223,0
eco_i,736,79,79,0.012658227848101266,46,46,0.021739130434782608,0
eco_i,736,79,79,0.012658227848101266,46,46,0.021739130434782608,0
eco_i,752,80,80,0.0125,47,47,0.02127659574468085,0
eco_i,752,80,80,0.0125,47,47,0.02127659574468085,0
eco_i,768,81,81,0.012345679012345678,48,48,0.020833333333333332,0
eco_i,768,81,81,0.012345679012345678,48,48,0.020833333333333332,0
eco_i,784,82,82,0.012195121951219513,49,49,0.02040816326530612,0
eco_i,784,82,82,0.012195121951219513,49,49,0.02040816326530612,0
eco_i,800,83,83,0.012048192771084338,50,50,0.02,0
eco_i,800,83,83,0.012048192771084338,50,50,0.02,0
eco_i,816,84,84,0.011904761904761904,51,51,0.0196078431372549,0
eco_i,816,84,84,0.011904761904761904,51,51,0.0196078431372549,0
eco_i,832,85,85,0.011764705882352941,52,52,0.019230769230769232,0
eco_i,832,85,85,0.011764705882352941,52,52,0.019230769230769232,0
eco_i,848,86,86,0.011627906976744186,53,53,0.018867924528301886,0
eco_i,848,86,86,0.011627906976744186,53,53,0.018867924528301886,0
eco_i,864,87,87,0.011494252873563218,54,54,0.018518518518518517,0
eco_i,864,87,87,0.011494252873563218,54,54,0.018518518518518517,0
eco_i,880,88,88,0.011363636363636364,55,55,0.01818181818181818,0
eco_i,880,88,88,0.011363636363636364,55,55,0.01818181818181818,0
eco_i,896,89,89,0.011235955056179775,56,56,0.017857142857142856,0
eco_i,896,89,89,0.011235955056179775,56,56,0.017857142857142856,0
eco_i,912,90,90,0.011111111111111112,57,57,0.017543859649122806,0
eco_i,912,90,90,0.011111111111111112,57,57,0.017543859649122806,0
eco_i,928,91,91,0.01098901098901099,58,58,0.017241379310344827,0
eco_i,928,91,91,0.01098901098901099,58,58,0.017241379310344827,0
eco_i,944,92,92,0.010869565217391304,59,59,0.01694915254237288,0
eco_i,944,92,92,0.010869565217391304,59,59,0.01694915254237288,0
eco_i,960,93,93,0.010752688172043012,60,60,0.016666666666666666,0
eco_i,960,93,93,0.010752688172043012,60,60,0.016666666666666666,0
eco_i,976,94,94,0.010638297872340425,61,61,0.01639344262295082,0
eco_i,976,94,94,0.010638297872340425,61,61,0.01639344262295082,0
eco_i,992,95,95,0.010526315789473684,62,62,0.016129032258064516,0
eco_i,992,95,95,0.010526315789473684,62,62,0.016129032258064516,0
eco_i,1008,96,96,0.010416666666666666,63,63,0.015873015873015872,0
eco_i,1008,96,96,0.010416666666666666,63,63,0.015873015873015872,0
eco_i,1024,97,97,0.010309278350515464,64,64,0.015625,0
eco_i,1024,97,97,0.010309278350515464,64,64,0.015625,0
eco_i,1040,98,98,0.01020408163265306,65,65,0.015384615384615385,0
eco_i,1040,98,98,0.01020408163265306,65,65,0.015384615384615385,0
eco_i,1056,99,99,0.010101010101010102,66,66,0.015151515151515152,0
eco_i,1056,99,99,0.010101010101010102,66,66,0.015151515151515152,0
eco_i,256,100,100,0.01,16,16,0.0625,0
eco_i,256,100,100,0.01,16,16,0.0625,0
eco_i,272,101,101,0.009900990099009901,17,17,0.058823529411764705,0
eco_i,272,101,101,0.009900990099009901,17,17,0.058823529411764705,0
eco_i,288,102,102,0.00980392156862745,18,18,0.05555555555555555,0
eco_i,288,102,102,0.00980392156862745,18,18,0.05555555555555555,0
eco_i,304,103,103,0.009708737864077669,19,19,0.05263157894736842,0
eco_i,304,103,103,0.009708737864077669,19,19,0.05263157894736842,0
eco_i,320,104,104,0.009615384615384616,20,20,0.05,0
eco_i,320,104,104,0.009615384615384616,20,20,0.05,0
eco_i,336,105,105,0.009523809523809525,21,21,0.047619047619047616,0
eco_i,336,105,105,0.009523809523809525,21,21,0.047619047619047616,0
eco_i,352,106,106,0.009433962264150943,22,22,0.045454545454545456,0
eco_i,352,106,106,0.009433962264150943,22,22,0.045454545454545456,0
eco_i,368,107,107,0.009345794392523364,23,23,0.043478260869565216,0
eco_i,368,107,107,0.009345794392523364,23,23,0.043478260869565216,0
eco_i,384,108,108,0.009259259259259259,24,24,0.041666666666666664,0
eco_i,384,108,108,0.009259259259259259,24,24,0.041666666666666664,0
eco_i,400,109,109,0.009174311926605505,25,25,0.04,0
eco_i,400,109,109,0.009174311926605505,25,25,0.04,0
eco_i,416,110,110,0.00909090909090909,26,26,0.038461538461538464,0
eco_i,416,110,110,0.00909090909090909,26,26,0.038461538461538464,0
eco_i,432,111,111,0.009009009009009009,27,27,0.037037037037037035,0
eco_i,432,111,111,0.009009009009009009,27,27,0.037037037037037035,0
eco_i,448,112,112,0.008928571428571428,28,28,0.03571428571428571,0
eco_i,448,112,112,0.008928571428571428,28,28,0.03571428571428571,0
eco_i,464,113,113,0.008849557522123894,29,29,0.034482758620689655,0
eco_i,464,113,113,0.008849557522123894,29,29,0.034482758620689655,0
eco_i,1072,114,114,0.008771929824561403,67,67,0.014925373134328358,0
eco_i,1072,114,114,0.008771929824561403,67,67,0.014925373134328358,0
eco_i,1088,115,115,0.008695652173913044,68,68,0.014705882352941176,0
eco_i,1088,115,115,0.008695652173913044,68,68,0.014705882352941176,0
eco_i,1104,116,116,0.008620689655172414,69,69,0.014492753623188406,0
eco_i,1104,116,116,0.008620689655172414,69,69,0.014492753623188406,0
eco_i,1120,117,117,0.008547008547008548,70,70,0.014285714285714285,0
eco_i,1120,117,117,0.008547008547008548,70,70,0.014285714285714285,0
eco_i,1136,118,118,0.00847457627118644,71,71,0.014084507042253521,0
eco_i,1136,118,118,0.00847457627118644,71,71,0.014084507042253521,0
eco_i,1152,119,119,0.008403361344537815,72,72,0.013888888888888888,0
eco_i,1152,119,119,0.008403361344537815,72,72,0.013888888888888888,0
eco_i,1168,120,120,0.008333333333333333,73,73,0.0136986301369863,0
eco_i,1168,120,120,0.008333333333333333,73,73,0.0136986301369863,0
eco_i,1184,121,121,0.008264462809917356,74,74,0.013513513513513514,0
eco_i,1184,121,121,0.008264462809917356,74,74,0.013513513513513514,0
eco_i,1200,122,122,0.00819672131147541,75,75,0.013333333333333334,0
eco_i,1200,122,122,0.00819672131147541,75,75,0.013333333333333334,0
eco_i,1216,123,123,0.008130081300813009,76,76,0.013157894736842105,0
eco_i,1216,123,123,0.008130081300813009,76,76,0.013157894736842105,0
eco_i,1232,124,124,0.008064516129032258,77,77,0.012987012987012988,0
eco_i,1232,124,124,0.008064516129032258,77,77,0.012987012987012988,0
eco_i,1248,125,125,0.008,78,78,0.01282051282051282,0
eco_i,1248,125,125,0.008,78,78,0.01282051282051282,0
eco_i,1264,126,126,0.007936507936507936,79,79,0.012658227848101266,0
eco_i,1264,126,126,0.007936507936507936,79,79,0.012658227848101266,0
eco_i,1280,127,127,0.007874015748031496,80,80,0.0125,0
eco_i,1280,127,127,0.007874015748031496,80,80,0.0125,0
eco_i,1296,128,128,0.0078125,81,81,0.012345679012345678,0
eco_i,1296,128,128,0.0078125,81,81,0.012345679012345678,0
eco_i,1312,129,129,0.007751937984496124,82,82,0.012195121951219513,0
eco_i,1312,129,129,0.007751937984496124,82,82,0.012195121951219513,0
eco_i,1328,130,130,0.007692307692307693,83,83,0.012048192771084338,0
eco_i,1328,130,130,0.007692307692307693,83,83,0.012048192771084338,0
eco_i,1344,131,131,0.007633587786259542,84,84,0.011904761904761904,0
eco_i,1344,131,131,0.007633587786259542,84,84,0.011904761904761904,0
eco_i,1360,132,132,0.007575757575757576,85,85,0.011764705882352941,0
eco_i,1360,132,132,0.007575757575757576,85,85,0.011764705882352941,0
eco_i,1376,133,133,0.007518796992481203,86,86,0.011627906976744186,0
eco_i,1376,133,133,0.007518796992481203,86,86,0.011627906976744186,0
eco_i,1392,134,134,0.007462686567164179,87,87,0.011494252873563218,0
eco_i,1392,134,134,0.007462686567164179,87,87,0.011494252873563218,0
eco_i,1408,135,135,0.007407407407407408,88,88,0.011363636363636364,0
eco_i,1408,135,135,0.007407407407407408,88,88,0.011363636363636364,0
eco_i,1424,136,136,0.007352941176470588,89,89,0.011235955056179775,0
eco_i,1424,136,136,0.007352941176470588,89,89,0.011235955056179775,0
eco_i,1440,137,137,0.0072992700729927005,90,90,0.011111111111111112,0
eco_i,1440,137,137,0.0072992700729927005,90,90,0.011111111111111112,0
eco_i,1456,138,138,0.007246376811594203,91,91,0.01098901098901099,0
eco_i,1456,138,138,0.007246376811594203,91,91,0.01098901098901099,0
eco_i,1472,139,139,0.007194244604316547,92,92,0.010869565217391304,0
eco_i,1472,139,139,0.007194244604316547,92,92,0.010869565217391304,0
eco_i,1488,140,140,0.007142857142857143,93,93,0.010752688172043012,0
eco_i,1488,140,140,0.007142857142857143,93,93,0.010752688172043012,0
eco_i,1504,141,141,0.0070921985815602835,94,94,0.010638297872340425,0
eco_i,1504,141,141,0.0070921985815602835,94,94,0.010638297872340425,0
eco_i,1520,142,142,0.007042253521126761,95,95,0.010526315789473684,0
eco_i,1520,142,142,0.007042253521126761,95,95,0.010526315789473684,0
eco_i,1536,143,143,0.006993006993006993,96,96,0.010416666666666666,0
eco_i,1536,143,143,0.006993006993006993,96,96,0.010416666666666666,0
eco_i,1552,144,144,0.006944444444444444,97,97,0.010309278350515464,0
eco_i,1552,144,144,0.006944444444444444,97,97,0.010309278350515464,0
eco_i,1568,145,145,0.006896551724137931,98,98,0.01020408163265306,0
eco_i,1568,145,145,0.006896551724137931,98,98,0.01020408163265306,0
eco_i,1584,146,146,0.00684931506849315,99,99,0.010101010101010102,0
eco_i,1584,146,146,0.00684931506849315,99,99,0.010101010101010102,0
eco_i,1600,147,147,0.006802721088435374,100,100,0.01,0
eco_i,1600,147,147,0.006802721088435374,100,100,0.01,0
eco_i,1616,148,148,0.006756756756756757,101,101,0.009900990099009901,0
eco_i,1616,148,148,0.006756756756756757,101,101,0.009900990099009901,0
eco_i,1632,149,149,0.006711409395973154,102,102,0.00980392156862745,0
eco_i,1632,149,149,0.006711409395973154,102,102,0.00980392156862745,0
eco_i,1648,150,150,0.006666666666666667,103,103,0.009708737864077669,0
eco_i,1648,150,150,0.006666666666666667,103,103,0.009708737864077669,0
eco_i,1664,151,151,0.006622516556291391,104,104,0.009615384615384616,0
eco_i,1664,151,151,0.006622516556291391,104,104,0.009615384615384616,0
eco_i,1680,152,152,0.006578947368421052,105,105,0.009523809523809525,0
eco_i,1680,152,152,0.006578947368421052,105,105,0.009523809523809525,0
eco_i,1696,153,153,0.006535947712418301,106,106,0.009433962264150943,0
eco_i,1696,153,153,0.006535947712418301,106,106,0.009433962264150943,0
eco_i,1712,154,154,0.006493506493506494,107,107,0.009345794392523364,0
eco_i,1712,154,154,0.006493506493506494,107,107,0.009345794392523364,0
eco_i,1728,155,155,0.0064516129032258064,108,108,0.009259259259259259,0
eco_i,1728,155,155,0.0064516129032258064,108,108,0.009259259259259259,0
eco_i,1744,156,156,0.00641025641025641,109,109,0.009174311926605505,0
eco_i,1744,156,156,0.00641025641025641,109,109,0.009174311926605505,0
eco_i,1760,157,157,0.006369426751592357,110,110,0.00909090909090909,0
eco_i,1760,157,157,0.006369426751592357,110,110,0.00909090909090909,0
eco_i,1776,158,158,0.006329113924050633,111,111,0.009009009009009009,0
eco_i,1776,158,158,0.006329113924050633,111,111,0.009009009009009009,0
eco_i,1792,159,159,0.006289308176100629,112,112,0.008928571428571428,0
eco_i,1792,159,159,0.006289308176100629,112,112,0.008928571428571428,0
eco_i,1808,160,160,0.00625,113,113,0.008849557522123894,0
eco_i,1808,160,160,0.00625,113,113,0.008849557522123894,0
eco_i,1824,161,161,0.006211180124223602,114,114,0.008771929824561403,0
eco_i,1824,161,161,0.006211180124223602,114,114,0.008771929824561403,0
eco_i,1840,162,162,0.006172839506172839,115,115,0.008695652173913044,0
eco_i,1840,162,162,0.006172839506172839,115,115,0.008695652173913044,0
eco_i,1856,163,163,0.006134969325153374,116,116,0.008620689655172414,0
eco_i,1856,163,163,0.006134969325153374,116,116,0.008620689655172414,0
eco_i,1872,164,164,0.006097560975609756,117,117,0.008547008547008548,0
eco_i,1872,164,164,0.006097560975609756,117,117,0.008547008547008548,0
eco_i,1888,165,165,0.006060606060606061,118,118,0.00847457627118644,0
eco_i,1888,165,165,0.006060606060606061,118,118,0.00847457627118644,0
eco_i,1904,166,166,0.006024096385542169,119,119,0.008403361344537815,0
eco_i,1904,166,166,0.006024096385542169,119,119,0.008403361344537815,0
eco_i,1920,167,167,0.005988023952095809,120,120,0.008333333333333333,0
eco_i,1920,167,167,0.005988023952095809,120,120,0.008333333333333333,0
eco_i,1936,168,168,0.005952380952380952,121,121,0.008264462809917356,0
eco_i,1936,168,168,0.005952380952380952,121,121,0.008264462809917356,0
eco_i,1952,169,169,0.005917159763313609,122,122,0.00819672131147541,0
eco_i,1952,169,169,0.005917159763313609,122,122,0.00819672131147541,0
eco_i,1968,170,170,0.0058823529411764705,123,123,0.008130081300813009,0
eco_i,1968,170,170,0.0058823529411764705,123,123,0.008130081300813009,0
eco_i,1984,171,171,0.005847953216374269,124,124,0.008064516129032258,0
eco_i,1984,171,171,0.005847953216374269,124,124,0.008064516129032258,0
eco_i,2000,172,172,0.005813953488372093,125,125,0.008,0
eco_i,2000,172,172,0.005813953488372093,125,125,0.008,0
eco_i,2016,173,173,0.005780346820809248,126,126,0.007936507936507936,0
eco_i,2016,173,173,0.005780346820809248,126,126,0.007936507936507936,0
eco_i,2032,174,174,0.005747126436781609,127,127,0.007874015748031496,0
eco_i,2032,174,174,0.005747126436781609,127,127,0.007874015748031496,0
eco_i,2048,175,175,0.005714285714285714,128,128,0.0078125,0
eco_i,2048,175,175,0.005714285714285714,128,128,0.0078125,0
eco_i,2064,176,176,0.005681818181818182,129,129,0.007751937984496124,0
eco_i,2064,176,176,0.005681818181818182,129,129,0.007751937984496124,0
eco_i,2080,177,177,0.005649717514124294,130,130,0.007692307692307693,0
eco_i,2080,177,177,0.005649717514124294,130,130,0.007692307692307693,0
eco_i,2096,178,178,0.0056179775280898875,131,131,0.007633587786259542,0
eco_i,2096,178,178,0.0056179775280898875,131,131,0.007633587786259542,0
eco_i,2112,179,179,0.00558659217877095,132,132,0.007575757575757576,0
eco_i,2112,179,179,0.00558659217877095,132,132,0.007575757575757576,0
eco_i,2128,180,180,0.005555555555555556,133,133,0.007518796992481203,0
eco_i,2128,180,180,0.005555555555555556,133,133,0.007518796992481203,0
eco_i,2144,181,181,0.0055248618784530384,134,134,0.007462686567164179,0
eco_i,2144,181,181,0.0055248618784530384,134,134,0.007462686567164179,0
eco_i,2160,182,182,0.005494505494505495,135,135,0.007407407407407408,0
eco_i,2160,182,182,0.005494505494505495,135,135,0.007407407407407408,0
eco_i,2176,183,183,0.00546448087431694,136,136,0.007352941176470588,0
eco_i,2176,183,183,0.00546448087431694,136,136,0.007352941176470588,0
eco_i,2192,184,184,0.005434782608695652,137,137,0.0072992700729927005,0
eco_i,2192,184,184,0.005434782608695652,137,137,0.0072992700729927005,0
eco_i,2208,185,185,0.005405405405405406,138,138,0.007246376811594203,0
eco_i,2208,185,185,0.005405405405405406,138,138,0.007246376811594203,0
eco_i,2224,186,186,0.005376344086021506,139,139,0.007194244604316547,0
eco_i,2224,186,186,0.005376344086021506,139,139,0.007194244604316547,0
eco_i,2240,187,187,0.0053475935828877,140,140,0.007142857142857143,0
eco_i,2240,187,187,0.0053475935828877,140,140,0.007142857142857143,0
eco_i,2256,188,188,0.005319148936170213,141,141,0.0070921985815602835,0
eco_i,2256,188,188,0.005319148936170213,141,141,0.0070921985815602835,0
eco_i,2272,189,189,0.005291005291005291,142,142,0.007042253521126761,0
eco_i,2272,189,189,0.005291005291005291,142,142,0.007042253521126761,0
eco_i,2288,190,190,0.005263157894736842,143,143,0.006993006993006993,0
eco_i,2288,190,190,0.005263157894736842,143,143,0.006993006993006993,0
eco_i,2304,191,191,0.005235602094240838,144,144,0.006944444444444444,0
eco_i,2304,191,191,0.005235602094240838,144,144,0.006944444444444444,0
eco_i,2320,192,192,0.005208333333333333,145,145,0.006896551724137931,0
eco_i,2320,192,192,0.005208333333333333,145,145,0.006896551724137931,0
eco_i,2336,193,193,0.0051813471502590676,146,146,0.00684931506849315,0
eco_i,2336,193,193,0.0051813471502590676,146,146,0.00684931506849315,0
eco_i,2352,194,194,0.005154639175257732,147,147,0.006802721088435374,0
eco_i,2352,194,194,0.005154639175257732,147,147,0.006802721088435374,0
eco_i,2368,195,195,0.005128205128205128,148,148,0.006756756756756757,0
eco_i,2368,195,195,0.005128205128205128,148,148,0.006756756756756757,0
eco_i,2384,196,196,0.00510204081632653,149,149,0.006711409395973154,0
eco_i,2384,196,196,0.00510204081632653,149,149,0.006711409395973154,0
eco_i,2400,197,197,0.005076142131979695,150,150,0.006666666666666667,0
eco_i,2400,197,197,0.005076142131979695,150,150,0.006666666666666667,0
eco_i,2416,198,198,0.005050505050505051,151,151,0.006622516556291391,0
eco_i,2416,198,198,0.005050505050505051,151,151,0.006622516556291391,0
eco_i,2432,199,199,0.005025125628140704,152,152,0.006578947368421052,0
eco_i,2432,199,199,0.005025125628140704,152,152,0.006578947368421052,0
eco_i,2448,200,200,0.005,153,153,0.006535947712418301,0
eco_i,2448,200,200,0.005,153,153,0.006535947712418301,0
eco_i,2464,201,201,0.004975124378109453,154,154,0.006493506493506494,0
eco_i,2464,201,201,0.004975124378109453,154,154,0.006493506493506494,0
eco_i,2480,202,202,0.0049504950495049506,155,155,0.0064516129032258064,0
eco_i,2480,202,202,0.0049504950495049506,155,155,0.0064516129032258064,0
eco_i,2496,203,203,0.0049261083743842365,156,156,0.00641025641025641,0
eco_i,2496,203,203,0.0049261083743842365,156,156,0.00641025641025641,0
eco_i,2512,204,204,0.004901960784313725,157,157,0.006369426751592357,0
eco_i,2512,204,204,0.004901960784313725,157,157,0.006369426751592357,0
eco_i,2528,205,205,0.004878048780487805,158,158,0.006329113924050633,0
eco_i,2528,205,205,0.004878048780487805,158,158,0.006329113924050633,0
eco_i,2544,206,206,0.0048543689320388345,159,159,0.006289308176100629,0
eco_i,2544,206,206,0.0048543689320388345,159,159,0.006289308176100629,0
eco_i,2560,207,207,0.004830917874396135,160,160,0.00625,0
eco_i,2560,207,207,0.004830917874396135,160,160,0.00625,0
eco_i,2576,208,208,0.004807692307692308,161,161,0.006211180124223602,0
eco_i,2576,208,208,0.004807692307692308,161,161,0.006211180124223602,0
eco_i,2592,209,209,0.004784688995215311,162,162,0.006172839506172839,0
eco_i,2592,209,209,0.004784688995215311,162,162,0.006172839506172839,0
eco_i,2608,210,210,0.004761904761904762,163,163,0.006134969325153374,0
eco_i,2608,210,210,0.004761904761904762,163,163,0.006134969325153374,0
eco_i,224,211,211,0.004739336492890996,14,14,0.07142857142857142,0
eco_i,224,211,211,0.004739336492890996,14,14,0.07142857142857142,0
eco_i,240,212,212,0.0047169811320754715,15,15,0.06666666666666667,0
eco_i,240,212,212,0.0047169811320754715,15,15,0.06666666666666667,0
eco_i,256,213,213,0.004694835680751174,16,16,0.0625,0
eco_i,256,213,213,0.004694835680751174,16,16,0.0625,0
eco_i,96,214,214,0.004672897196261682,6,6,0.16666666666666666,0
eco_i,96,214,214,0.004672897196261682,6,6,0.16666666666666666,0
eco_i,112,215,215,0.004651162790697674,7,7,0.14285714285714285,0
eco_i,112,215,215,0.004651162790697674,7,7,0.14285714285714285,0
eco_i,128,216,216,0.004629629629629629,8,8,0.125,0
eco_i,128,216,216,0.004629629629629629,8,8,0.125,0
eco_i,144,217,217,0.004608294930875576,9,9,0.1111111111111111,0
eco_i,144,217,217,0.004608294930875576,9,9,0.1111111111111111,0
eco_i,160,218,218,0.0045871559633027525,10,10,0.1,0
eco_i,160,218,218,0.0045871559633027525,10,10,0.1,0
eco_i,176,219,219,0.0045662100456621,11,11,0.09090909090909091,0
eco_i,176,219,219,0.0045662100456621,11,11,0.09090909090909091,0
eco_i,192,220,220,0.004545454545454545,12,12,0.08333333333333333,0
eco_i,192,220,220,0.004545454545454545,12,12,0.08333333333333333,0
eco_i,208,221,221,0.004524886877828055,13,13,0.07692307692307693,0
eco_i,208,221,221,0.004524886877828055,13,13,0.07692307692307693,0
eco_i,224,222,222,0.0045045045045045045,14,14,0.07142857142857142,0
eco_i,224,222,222,0.0045045045045045045,14,14,0.07142857142857142,0
eco_i,240,223,223,0.004484304932735426,15,15,0.06666666666666667,0
eco_i,240,223,223,0.004484304932735426,15,15,0.06666666666666667,0
eco_i,256,224,224,0.004464285714285714,16,16,0.0625,0
eco_i,256,224,224,0.004464285714285714,16,16,0.0625,0
eco_i,272,225,225,0.0044444444444444444,17,17,0.058823529411764705,0
eco_i,272,225,225,0.0044444444444444444,17,17,0.058823529411764705,0
eco_i,480,226,226,0.004424778761061947,30,30,0.03333333333333333,0
eco_i,480,226,226,0.004424778761061947,30,30,0.03333333333333333,0
eco_i,496,227,227,0.004405286343612335,31,31,0.03225806451612903,0
eco_i,496,227,227,0.004405286343612335,31,31,0.03225806451612903,0
eco_i,512,228,228,0.0043859649122807015,32,32,0.03125,0
eco_i,512,228,228,0.0043859649122807015,32,32,0.03125,0
eco_i,528,229,229,0.004366812227074236,33,33,0.030303030303030304,0
eco_i,528,229,229,0.004366812227074236,33,33,0.030303030303030304,0
eco_i,544,230,230,0.004347826086956522,34,34,0.029411764705882353,0
eco_i,544,230,230,0.004347826086956522,34,34,0.029411764705882353,0
eco_i,560,231,231,0.004329004329004329,35,35,0.02857142857142857,0
eco_i,560,231,231,0.004329004329004329,35,35,0.02857142857142857,0
eco_i,576,232,232,0.004310344827586207,36,36,0.027777777777777776,0
eco_i,576,232,232,0.004310344827586207,36,36,0.027777777777777776,0
eco_i,288,233,233,0.004291845493562232,18,18,0.05555555555555555,0
eco_i,288,233,233,0.004291845493562232,18,18,0.05555555555555555,0
eco_i,304,234,234,0.004273504273504274,19,19,0.05263157894736842,0
eco_i,304,234,234,0.004273504273504274,19,19,0.05263157894736842,0
eco_i,320,235,235,0.00425531914893617,20,20,0.05,0
eco_i,320,235,235,0.00425531914893617,20,20,0.05,0
eco_i,336,236,236,0.00423728813559322,21,21,0.047619047619047616,0
eco_i,336,236,236,0.00423728813559322,21,21,0.047619047619047616,0
eco_i,352,237,237,0.004219409282700422,22,22,0.045454545454545456,0
eco_i,352,237,237,0.004219409282700422,22,22,0.045454545454545456,0
eco_i,368,238,238,0.004201680672268907,23,23,0.043478260869565216,0
eco_i,368,238,238,0.004201680672268907,23,23,0.043478260869565216,0
eco_i,384,239,239,0.0041841004184100415,24,24,0.041666666666666664,0
eco_i,384,239,239,0.0041841004184100415,24,24,0.041666666666666664,0
eco_i,400,240,240,0.004166666666666667,25,25,0.04,0
eco_i,400,240,240,0.004166666666666667,25,25,0.04,0
eco_i,416,241,241,0.004149377593360996,26,26,0.038461538461538464,0
eco_i,416,241,241,0.004149377593360996,26,26,0.038461538461538464,0
eco_i,432,242,242,0.004132231404958678,27,27,0.037037037037037035,0
eco_i,432,242,242,0.004132231404958678,27,27,0.037037037037037035,0
eco_i,448,243,243,0.00411522633744856,28,28,0.03571428571428571,0
eco_i,448,243,243,0.00411522633744856,28,28,0.03571428571428571,0
eco_i,464,244,244,0.004098360655737705,29,29,0.034482758620689655,0
eco_i,464,244,244,0.004098360655737705,29,29,0.034482758620689655,0
eco_i,480,245,245,0.004081632653061225,30,30,0.03333333333333333,0
eco_i,480,245,245,0.004081632653061225,30,30,0.03333333333333333,0
eco_i,496,246,246,0.0040650406504065045,31,31,0.03225806451612903,0
eco_i,496,246,246,0.0040650406504065045,31,31,0.03225806451612903,0
eco_i,512,247,247,0.004048582995951417,32,32,0.03125,0
eco_i,512,247,247,0.004048582995951417,32,32,0.03125,0
eco_i,528,248,248,0.004032258064516129,33,33,0.030303030303030304,0
eco_i,528,248,248,0.004032258064516129,33,33,0.030303030303030304,0
eco_i,544,249,249,0.004016064257028112,34,34,0.029411764705882353,0
eco_i,544,249,249,0.004016064257028112,34,34,0.029411764705882353,0
eco_i,560,250,250,0.004,35,35,0.02857142857142857,0
eco_i,560,250,250,0.004,35,35,0.02857142857142857,0
eco_i,576,251,251,0.00398406374501992,36,36,0.027777777777777776,0
eco_i,576,251,251,0.00398406374501992,36,36,0.027777777777777776,0
eco_i,592,252,252,0.003968253968253968,37,37,0.02702702702702703,0
eco_i,592,252,252,0.003968253968253968,37,37,0.02702702702702703,0
eco_i,608,253,253,0.003952569169960474,38,38,0.02631578947368421,0
eco_i,608,253,253,0.003952569169960474,38,38,0.02631578947368421,0
eco_i,624,254,254,0.003937007874015748,39,39,0.02564102564102564,0
eco_i,624,254,254,0.003937007874015748,39,39,0.02564102564102564,0
eco_i,640,255,255,0.00392156862745098,40,40,0.025,0
eco_i,640,255,255,0.00392156862745098,40,40,0.025,0
eco_i,656,256,256,0.00390625,41,41,0.024390243902439025,0
eco_i,656,256,256,0.00390625,41,41,0.024390243902439025,0
eco_i,672,257,257,0.0038910505836575876,42,42,0.023809523809523808,0
eco_i,672,257,257,0.0038910505836575876,42,42,0.023809523809523808,0
eco_i,688,258,258,0.003875968992248062,43,43,0.023255813953488372,0
eco_i,688,258,258,0.003875968992248062,43,43,0.023255813953488372,0
eco_i,704,259,259,0.003861003861003861,44,44,0.022727272727272728,0
eco_i,704,259,259,0.003861003861003861,44,44,0.022727272727272728,0
eco_i,720,260,260,0.0038461538461538464,45,45,0.022222222222222223,0
eco_i,720,260,260,0.0038461538461538464,45,45,0.022222222222222223,0
eco_i,736,261,261,0.0038314176245210726,46,46,0.021739130434782608,0
eco_i,736,261,261,0.0038314176245210726,46,46,0.021739130434782608,0
eco_i,752,262,262,0.003816793893129771,47,47,0.02127659574468085,0
eco_i,752,262,262,0.003816793893129771,47,47,0.02127659574468085,0
eco_i,768,263,263,0.0038022813688212928,48,48,0.020833333333333332,0
eco_i,768,263,263,0.0038022813688212928,48,48,0.020833333333333332,0
eco_i,784,264,264,0.003787878787878788,49,49,0.02040816326530612,0
eco_i,784,264,264,0.003787878787878788,49,49,0.02040816326530612,0
eco_i,800,265,265,0.0037735849056603774,50,50,0.02,0
eco_i,800,265,265,0.0037735849056603774,50,50,0.02,0
eco_i,816,266,266,0.0037593984962406013,51,51,0.0196078431372549,0
eco_i,816,266,266,0.0037593984962406013,51,51,0.0196078431372549,0
eco_i,832,267,267,0.003745318352059925,52,52,0.019230769230769232,0
eco_i,832,267,267,0.003745318352059925,52,52,0.019230769230769232,0
eco_i,592,268,268,0.0037313432835820895,37,37,0.02702702702702703,0
eco_i,592,268,268,0.0037313432835820895,37,37,0.02702702702702703,0
eco_i,848,269,269,0.0037174721189591076,53,53,0.018867924528301886,0
eco_i,848,269,269,0.0037174721189591076,53,53,0.018867924528301886,0
eco_i,864,270,270,0.003703703703703704,54,54,0.018518518518518517,0
eco_i,864,270,270,0.003703703703703704,54,54,0.018518518518518517,0
eco_i,880,271,271,0.0036900369003690036,55,55,0.01818181818181818,0
eco_i,880,271,271,0.0036900369003690036,55,55,0.01818181818181818,0
eco_i,896,272,272,0.003676470588235294,56,56,0.017857142857142856,0
eco_i,896,272,272,0.003676470588235294,56,56,0.017857142857142856,0
eco_i,912,273,273,0.003663003663003663,57,57,0.017543859649122806,0
eco_i,912,273,273,0.003663003663003663,57,57,0.017543859649122806,0
eco_i,928,274,274,0.0036496350364963502,58,58,0.017241379310344827,0
eco_i,928,274,274,0.0036496350364963502,58,58,0.017241379310344827,0
eco_i,944,275,275,0.0036363636363636364,59,59,0.01694915254237288,0
eco_i,944,275,275,0.0036363636363636364,59,59,0.01694915254237288,0
eco_i,960,276,276,0.0036231884057971015,60,60,0.016666666666666666,0
eco_i,960,276,276,0.0036231884057971015,60,60,0.016666666666666666,0
eco_i,608,277,277,0.0036101083032490976,38,38,0.02631578947368421,0
eco_i,608,277,277,0.0036101083032490976,38,38,0.02631578947368421,0
eco_i,624,278,278,0.0035971223021582736,39,39,0.02564102564102564,0
eco_i,624,278,278,0.0035971223021582736,39,39,0.02564102564102564,0
eco_i,272,279,279,0.0035842293906810036,17,17,0.058823529411764705,0
eco_i,272,279,279,0.0035842293906810036,17,17,0.058823529411764705,0
eco_i,288,280,280,0.0035714285714285713,18,18,0.05555555555555555,0
eco_i,288,280,280,0.0035714285714285713,18,18,0.05555555555555555,0
eco_i,304,281,281,0.0035587188612099642,19,19,0.05263157894736842,0
eco_i,304,281,281,0.0035587188612099642,19,19,0.05263157894736842,0
eco_i,320,282,282,0.0035460992907801418,20,20,0.05,0
eco_i,320,282,282,0.0035460992907801418,20,20,0.05,0
eco_i,336,283,283,0.0035335689045936395,21,21,0.047619047619047616,0
eco_i,336,283,283,0.0035335689045936395,21,21,0.047619047619047616,0
eco_i,352,284,284,0.0035211267605633804,22,22,0.045454545454545456,0
eco_i,352,284,284,0.0035211267605633804,22,22,0.045454545454545456,0
eco_i,368,285,285,0.0035087719298245615,23,23,0.043478260869565216,0
eco_i,368,285,285,0.0035087719298245615,23,23,0.043478260869565216,0
eco_i,384,286,286,0.0034965034965034965,24,24,0.041666666666666664,0
eco_i,384,286,286,0.0034965034965034965,24,24,0.041666666666666664,0
eco_i,400,287,287,0.003484320557491289,25,25,0.04,0
eco_i,400,287,287,0.003484320557491289,25,25,0.04,0
eco_i,416,288,288,0.003472222222222222,26,26,0.038461538461538464,0
eco_i,416,288,288,0.003472222222222222,26,26,0.038461538461538464,0
eco_i,432,289,289,0.0034602076124567475,27,27,0.037037037037037035,0
eco_i,432,289,289,0.0034602076124567475,27,27,0.037037037037037035,0
eco_i,448,290,290,0.0034482758620689655,28,28,0.03571428571428571,0
eco_i,448,290,290,0.0034482758620689655,28,28,0.03571428571428571,0
eco_i,464,291,291,0.003436426116838488,29,29,0.034482758620689655,0
eco_i,464,291,291,0.003436426116838488,29,29,0.034482758620689655,0
eco_i,480,292,292,0.003424657534246575,30,30,0.03333333333333333,0
eco_i,480,292,292,0.003424657534246575,30,30,0.03333333333333333,0
eco_i,640,293,293,0.0034129692832764505,40,40,0.025,0
eco_i,640,293,293,0.0034129692832764505,40,40,0.025,0
eco_i,656,294,294,0.003401360544217687,41,41,0.024390243902439025,0
eco_i,656,294,294,0.003401360544217687,41,41,0.024390243902439025,0
eco_i,672,295,295,0.003389830508474576,42,42,0.023809523809523808,0
eco_i,672,295,295,0.003389830508474576,42,42,0.023809523809523808,0
eco_i,688,296,296,0.0033783783783783786,43,43,0.023255813953488372,0
eco_i,688,296,296,0.0033783783783783786,43,43,0.023255813953488372,0
eco_i,704,297,297,0.003367003367003367,44,44,0.022727272727272728,0
eco_i,704,297,297,0.003367003367003367,44,44,0.022727272727272728,0
eco_i,720,298,298,0.003355704697986577,45,45,0.022222222222222223,0
eco_i,720,298,298,0.003355704697986577,45,45,0.022222222222222223,0
eco_i,736,299,299,0.0033444816053511705,46,46,0.021739130434782608,0
eco_i,736,299,299,0.0033444816053511705,46,46,0.021739130434782608,0
eco_i,752,300,300,0.0033333333333333335,47,47,0.02127659574468085,0
eco_i,752,300,300,0.0033333333333333335,47,47,0.02127659574468085,0
eco_i,768,301,301,0.0033222591362126247,48,48,0.020833333333333332,0
eco_i,768,301,301,0.0033222591362126247,48,48,0.020833333333333332,0
eco_i,784,302,302,0.0033112582781456954,49,49,0.02040816326530612,0
eco_i,784,302,302,0.0033112582781456954,49,49,0.02040816326530612,0
eco_i,800,303,303,0.0033003300330033004,50,50,0.02,0
eco_i,800,303,303,0.0033003300330033004,50,50,0.02,0
eco_i,816,304,304,0.003289473684210526,51,51,0.0196078431372549,0
eco_i,816,304,304,0.003289473684210526,51,51,0.0196078431372549,0
eco_i,496,305,305,0.003278688524590164,31,31,0.03225806451612903,0
eco_i,496,305,305,0.003278688524590164,31,31,0.03225806451612903,0
eco_i,512,306,306,0.0032679738562091504,32,32,0.03125,0
eco_i,512,306,306,0.0032679738562091504,32,32,0.03125,0
eco_i,528,307,307,0.003257328990228013,33,33,0.030303030303030304,0
eco_i,528,307,307,0.003257328990228013,33,33,0.030303030303030304,0
eco_i,832,308,308,0.003246753246753247,52,52,0.019230769230769232,0
eco_i,832,308,308,0.003246753246753247,52,52,0.019230769230769232,0
eco_i,848,309,309,0.003236245954692557,53,53,0.018867924528301886,0
eco_i,848,309,309,0.003236245954692557,53,53,0.018867924528301886,0
eco_i,864,310,310,0.0032258064516129032,54,54,0.018518518518518517,0
eco_i,864,310,310,0.0032258064516129032,54,54,0.018518518518518517,0
eco_i,880,311,311,0.003215434083601286,55,55,0.01818181818181818,0
eco_i,880,311,311,0.003215434083601286,55,55,0.01818181818181818,0
eco_i,896,312,312,0.003205128205128205,56,56,0.017857142857142856,0
eco_i,896,312,312,0.003205128205128205,56,56,0.017857142857142856,0
eco_i,912,313,313,0.003194888178913738,57,57,0.017543859649122806,0
eco_i,912,313,313,0.003194888178913738,57,57,0.017543859649122806,0
eco_i,928,314,314,0.0031847133757961785,58,58,0.017241379310344827,0
eco_i,928,314,314,0.0031847133757961785,58,58,0.017241379310344827,0
eco_i,944,315,315,0.0031746031746031746,59,59,0.01694915254237288,0
eco_i,944,315,315,0.0031746031746031746,59,59,0.01694915254237288,0
eco_i,960,316,316,0.0031645569620253164,60,60,0.016666666666666666,0
eco_i,960,316,316,0.0031645569620253164,60,60,0.016666666666666666,0
eco_i,976,317,317,0.0031545741324921135,61,61,0.01639344262295082,0
eco_i,976,317,317,0.0031545741324921135,61,61,0.01639344262295082,0
eco_i,992,318,318,0.0031446540880503146,62,62,0.016129032258064516,0
eco_i,992,318,318,0.0031446540880503146,62,62,0.016129032258064516,0
eco_i,1008,319,319,0.003134796238244514,63,63,0.015873015873015872,0
eco_i,1008,319,319,0.003134796238244514,63,63,0.015873015873015872,0
eco_i,544,320,320,0.003125,34,34,0.029411764705882353,0
eco_i,544,320,320,0.003125,34,34,0.029411764705882353,0
eco_i,560,321,321,0.003115264797507788,35,35,0.02857142857142857,0
eco_i,560,321,321,0.003115264797507788,35,35,0.02857142857142857,0
eco_i,576,322,322,0.003105590062111801,36,36,0.027777777777777776,0
eco_i,576,322,322,0.003105590062111801,36,36,0.027777777777777776,0
eco_i,1024,323,323,0.0030959752321981426,64,64,0.015625,0
eco_i,1024,323,323,0.0030959752321981426,64,64,0.015625,0
eco_i,1040,324,324,0.0030864197530864196,65,65,0.015384615384615385,0
eco_i,1040,324,324,0.0030864197530864196,65,65,0.015384615384615385,0
eco_i,1056,325,325,0.003076923076923077,66,66,0.015151515151515152,0
eco_i,1056,325,325,0.003076923076923077,66,66,0.015151515151515152,0
eco_i,1072,326,326,0.003067484662576687,67,67,0.014925373134328358,0
eco_i,1072,326,326,0.003067484662576687,67,67,0.014925373134328358,0
eco_i,1088,327,327,0.0030581039755351682,68,68,0.014705882352941176,0
eco_i,1088,327,327,0.0030581039755351682,68,68,0.014705882352941176,0
eco_i,1104,328,328,0.003048780487804878,69,69,0.014492753623188406,0
eco_i,1104,328,328,0.003048780487804878,69,69,0.014492753623188406,0
eco_i,1120,329,329,0.00303951367781155,70,70,0.014285714285714285,0
eco_i,1120,329,329,0.00303951367781155,70,70,0.014285714285714285,0
eco_i,1136,330,330,0.0030303030303030303,71,71,0.014084507042253521,0
eco_i,1136,330,330,0.0030303030303030303,71,71,0.014084507042253521,0
eco_i,592,331,331,0.0030211480362537764,37,37,0.02702702702702703,0
eco_i,592,331,331,0.0030211480362537764,37,37,0.02702702702702703,0
eco_i,608,332,332,0.0030120481927710845,38,38,0.02631578947368421,0
eco_i,608,332,332,0.0030120481927710845,38,38,0.02631578947368421,0
eco_i,624,333,333,0.003003003003003003,39,39,0.02564102564102564,0
eco_i,624,333,333,0.003003003003003003,39,39,0.02564102564102564,0
eco_i,1152,334,334,0.0029940119760479044,72,72,0.013888888888888888,0
eco_i,1152,334,334,0.0029940119760479044,72,72,0.013888888888888888,0
eco_i,1168,335,335,0.0029850746268656717,73,73,0.0136986301369863,0
eco_i,1168,335,335,0.0029850746268656717,73,73,0.0136986301369863,0
eco_i,1184,336,336,0.002976190476190476,74,74,0.013513513513513514,0
eco_i,1184,336,336,0.002976190476190476,74,74,0.013513513513513514,0
eco_i,1200,337,337,0.002967359050445104,75,75,0.013333333333333334,0
eco_i,1200,337,337,0.002967359050445104,75,75,0.013333333333333334,0
eco_i,1216,338,338,0.0029585798816568047,76,76,0.013157894736842105,0
eco_i,1216,338,338,0.0029585798816568047,76,76,0.013157894736842105,0
eco_i,1232,339,339,0.0029498525073746312,77,77,0.012987012987012988,0
eco_i,1232,339,339,0.0029498525073746312,77,77,0.012987012987012988,0
eco_i,1248,340,340,0.0029411764705882353,78,78,0.01282051282051282,0
eco_i,1248,340,340,0.0029411764705882353,78,78,0.01282051282051282,0
eco_i,1264,341,341,0.002932551319648094,79,79,0.012658227848101266,0
eco_i,1264,341,341,0.002932551319648094,79,79,0.012658227848101266,0
